Collection_Address,collectionSlug
0x00dca92b7fbd0c01f3508756718807836ec82156,gotcha-gatcha
0x00fa82ea9be4e24ec6d7ed86ef93bfe85b9a3e68,rare-ghost-club
0x01f61f3c7f27893b30e8abdafd4a84ca8bd24b96,robofrens
0x02aa731631c6d7f8241d74f906f5b51724ab98f8,bearsontheblock
0x03315ec191c834cbcf88068e24408033f0e3bf4a,antvasion
0x03c7cff13261cc80b29d4d0be46800663489255e,the-holy-pets
0x0510745d2ca36729bed35c818527c4485912d99e,neon-pantheon-genesis
0x0527db4b6522d275620191b4695ffb65a8ede02a,metagreys-v-2
0x055700706718279e089523b5166e423c7537c4f1,renderpunks
0x05745e72fb8b4a9b51118a168d956760e4a36444,nft-worlds-genesis-avatars
0x0588a0182ee72f74d0ba3b1fc6f5109599a46a9c,dorkis
0x06484e07315483d57d402b7a658adcacf1830c03,h8rschix
0x06b1b815138ff3188ec38a26a13676d5a1069952,noobs
0x06bca1e513603a5544e0a70256607087aba73659,renderpunks
0x06bdc702fb8af5af8067534546e0c54ea4243ea9,fury-of-the-fur
0x06c6db12875e254a0e0c7259c7d4993e017edc80,chunky-chickens
0x06ef85c7dca052aad296935d44cef572367e3de7,prime-ape-athletes-genesis
0x072b02daf1f5fea13e8ce809d8a312d2034d03e8,varbarian
0x073c5a92d3cdf40dec045ba6e1e11167dda7c007,renderpunks
0x07511e88628f990d0ada3c446da3859833a0798f,holy-heroes
0x076ca87b05c36b14a88c52d33aaaef5a85c43f8f,bearz-genesis
0x081fac886fdcacdc826c4135ed4ba5b65ececfb8,baby-shiba-social-club
0x09d1bd945df4c72f59e76347f81da9eefbf4540f,gold-yoseo-pawn-shop
0x09ebcc1c63467fabb78ef51f54ade44d0009a9c6,popeye-metaverse-madness
0x0a278d4c904c4ce1bba91cdc0c3ec2b14307c67c,the-ramen-shop-genesis
0x0b22fe0a2995c5389ac093400e52471dca8bb48a,little-lemon-friends
0x0ba0da84d81283f91c4460cc349189acaa8fd42c,renderpunks
0x0bc9b9f5b7c454d6baf926e8b92062092de06c54,meta-labs-secret-agents
0x0bd0907d460da05fa51919609a7a897acd644118,thelilguys
0x0c2e57efddba8c768147d1fdf9176a0a6ebd5d83,kaiju-kingz
0x0cf74f8414db9db05fc940adbb7b6a02a693365d,renderpunks
0x0d0167a823c6619d430b1a96ad85b888bcf97c37,expansionpunks
0x0d51e692be786b8dfd0620b0286e1f45e75b4d28,7sclub
0x0e043e39e1f9382e4b3cb9b859a1452a93993be7,shiba-army
0x0f384a08719ab48fec3f2e2ab8c1420e9d214566,renderpunks
0x0f4b28d46cab209bc5fa987a92a26a5680538e45,nonconformist-ducks
0x0f9aba9fa6abd858a94f9eefe0f9d51ca2c11225,pudgy-ape-fridge-club
0x0fb37364d699bc139b13a8d9faa02bd49b2cad4b,tipsyverse-genesis-penguins
0x0fb909e733bdd66ba97241e25627eaa6562641a9,monster-frens
0x0fd644bea6db6736a77c155d343fcc7747b837d6,drop-bears
0x0ffa87cd27ae121b10b3f044dda4d28f9fb8f079,sidus-heroes
0x10064373e248bc7253653ca05df73cf226202956,dreamers
0x102402f74921cf6685f6649458122a7ada70cd69,renderpunks
0x103c167386dbc3d73c208e3e89ef0c79e7a44f60,renderpunks
0x105f1a419bf60c34c3c5ff6f6915a5c365ec7a92,renderpunks
0x10cdcb5a80e888ec9e9154439e86b911f684da7b,fvck-avatar
0x10e3ea99a188a0ec73093127b5fbfed852dcd657,roocrew
0x11957a61ac1684efa13f421e380857dc32e366c7,stranger-eggz
0x121a03f7b2427cc5546f4c9bf6f2dd43a36b3d01,renderpunks
0x123b30e25973fecd8354dd5f41cc45a3065ef88c,alien-frens
0x12460df8e5b988508a0c3fccfe21e4b76d4a551d,taboopunks
0x125808292f4bb11bf2d01b070d94e19490f7f4dc,alpha-gang-generative
0x125ecab9fdc132cad4d6c055b9381aad60efaf3d,monster-mobs
0x12787526c03d626aac88e6edc4d0fb930d86c631,supreme-kong
0x12f6d1a1c4c91b8cb4c9106c0d37f5c8be6b4d17,house-of-satan
0x13237b31498001f61ff1d2239227caffcc2d4dae,renderpunks
0x133a4b45138bf9763837ca5f0b61582768a23c01,moonducks
0x1423b5e6e2d3173eb05603f8fa64ee8a29fe17d1,lost-eden-origins
0x1485297e942ce64e0870ece60179dfda34b4c625,moonrunners
0x1487c54567f466ece0d9bf9a766b2cad45371a25,louz
0x14a2dff3b2fb4dffa35b2006e84bf1cbb0ac4bba,pork1984
0x14efa0d4b0f9850ba1787edc730324962446d7cc,catshit-crazy
0x1514520cf8dfc73d83c5655e7080787fcc6f10d9,renderpunks
0x151719ae9aaeb0ac0da9650968980475d4df2817,hippynoids-project
0x1554f51f18f8e3fbe83e4442420e40efc57ff446,pop-art-cats
0x15e00ecfc9026ca1399914a45d7f8f514931fbca,groovy-doodles
0x163a7af239b409e79a32fc6b437fda51dd8fa5f0,roaring-leaders
0x16f15c1c26e0c48a0dc2ae706f24c80ef27459e7,bull-runners
0x1792a96e5668ad7c167ab804a100ce42395ce54d,moonbirds-oddities
0x1799fca575f301eb5191b4f0272befbfd8d03a62,mekaformers-legacy
0x17aad3fcf1703ef7908777084ec24e55bc58ae33,clementine-s-nightmare-eclipse
0x18fce4cc587360979155ab8529612dfecf36b029,bullish-llama
0x1981cc36b59cffdd24b01cc5d698daa75e367e04,crypto-chicks
0x1986f4c2e3ad5fe9778da67b1b836cf53b9e20cd,renderpunks
0x19b86299c21505cdf59ce63740b240a9c822b5e4,degen-toonz
0x19c158a6b5508468117f94fe5707ecceb9afec87,dao-house-friends
0x1a178cfd768f74b3308cbca9998c767f4e5b2cf8,wilder-beasts
0x1a2f71468f656e97c2f86541e57189f59951efe7,cryptomories
0x1b23d0f0f6dc3547c1b6945152acbfd6eaad85b0,pillheads
0x1c1f4705d891a80d5ccd60c77496df633baba2a7,pleb-punks
0x1d0513111b51fe8e3d6dfce7d63971b6b06df04f,homie-gs
0x1d8aa558793967bcce8d217470bacdcd41746afd,isekai-by-prestige-lab
0x1e1dcf251468ff7fbf6d3c76d783ba9f00ca045d,wine-buddies
0x1edd2ddfc9f81e55ab1ec5431a77af7d1681c725,katana-n-samurai
0x1f02bf9dde7c79137a08b2dd4fc964bfd2499734,elephants
0x1f2403da6a03f989d3588f61c9a6c6dbf94061b7,cmykatz
0x1f915803250def6ae5fcf792ecbc964d90f895a9,ballerheadz
0x201675fbfaaac3a51371e4c31ff73ac14cee2a5a,genzee
0x2037112e68dc6051e948b9c20787ee0973923ee4,renderpunks
0x20a17d5d262e039b7e66dfa2df8da7285713cf08,dapper-space-collective
0x20bd0551f05dc40117d6b91dfa9f67d25307d1d8,abnormal-jean
0x2127fe7ffce4380459cced92f2d4793f3af094a4,onironin
0x213fde8b7fbb8b9ecf7f34792e604eafb9bd292f,godsofrock
0x21850dcfe24874382b12d05c5b189f5a2acf0e5b,killaz
0x220524bdf02ccfdf009f47ad4e483439ff136a9c,crazy-crows-chess-club
0x2216d47494e516d8206b70fca8585820ed3c4946,renderpunks
0x223ef06367b89458df762cfa633fb53f403cb9c9,metashima-lightning
0x23581767a106ae21c074b2276d25e5c3e136a68b,moonbirds
0x2385cb9a3ee427e9dcb0d759436d06c43cfc41ee,chief-toad
0x242f9726bb2b4fa0eb868021e9dacc66b17b1f59,lightbody-by-alex-grey
0x24998f0a028d197413ef57c7810f7a5ef8b9fa55,panda-paradise
0x25593a50255bfb30ea027f6966417b0bf780401d,di-animals
0x25b80d35f7749294c17dc28cbb10113c291936b3,the-chosen-of-civitas
0x25baabaf41ce56565f448c6f6e16d44399812cad,stray-cats
0x262220151de2b72e6560f1dec4a1b0378aa1eddc,the-orsetto-gang
0x26badf693f2b103b021c670c852262b379bbbe8a,illuminatinft
0x26e1311ca72e622eabee7c02f6c48564726eaf0d,renderpunks
0x274e21d314a915d1504060d4351dde05d4dc031e,renderpunks
0x2821e35072ccdad0d69665092f64eb280b385c73,mad-cat-militia
0x282a7d13152b3f51a3e31d46a2ca563f8554d85d,toxic-skulls-club
0x2897c7fbf55e56d9c27852eab8ff5b3ffe59ccd4,caliplug
0x28f0521c77923f107e29a5502a5a1152517f9000,pawn-bots
0x2953399124f0cbb46d2cbacd8a89cf0599974963,renderpunks
0x29652c2e9d3656434bc8133c69258c8d05290f41,froggy-friends
0x2969c8309ba789a8ddba80f6bfa74accc1d4419b,yield-bearing-smolting
0x2a459947f0ac25ec28c197f09c2d88058a83f3bb,stickmen-toys
0x2ac18fcebb80051091ccd3dc3d5ef813d911bbc2,monstro-cities
0x2b1037def2aa4ed427627903bdef9bdd27ae1ea3,square-bears
0x2b3b9b4d8645a9bead1ea9948bb2cd395bc5b698,renderpunks
0x2b6eed95163e5e3a89846fa3c9cc77372b151247,renderpunks
0x2b8d14bf74741d33e814978816e7c36b9802e568,streethers
0x2be20e65becfd7494bf232b1859d556f8a5893ff,meta-colonialists-club
0x2c173a97ed9bec4b292c7786811510268fd5e170,renderpunks
0x2c2ed910eb79b48fbbd949ad59636ffca83c8a17,11-captain-s-club
0x2c4929295042cb95ab1900d323d634ee8def3c7a,cosmodinos-omega
0x2d0b43d08ee3676d5461b29d64672c7746bc22f2,the-little-liars-genesis
0x2dd3773401485fcff077a99e2f6a40c22ee6966e,metamansions
0x2dec96736e7d24e382e25d386457f490ae64889e,peacefall
0x2e251bff6c091a1752e1f9983882f7ade82535da,ceci-n-est-pas-un-botto
0x2e329e8252075c0c96ddca8ba6d352a22409d882,immortal-cat
0x2e6f4e6c24043e2089ddb8a8f84273b5c26ec639,mojis-art
0x2e956ed3d7337f4ed4316a6e8f2edf74bf84bb54,neon-junkies
0x2eb4f7625aad8c521e3600ee38fb8f82751e8870,sugar-skullz
0x2efa07cac3395599db83035d196f2a0e7263f766,the-flower-girls
0x2f7ccd382345965cec776f6e7777837d14229638,kraken-secret-society
0x2f81533eeff5b9f6bf8159cee874a2a968db0305,skelet-guys
0x2fa6e83fbc95e4462001ac667ddceca3c2d501ad,sovereign-sphynx-council
0x301144b43d8dcba1b3e9f70ed7338d0751d700a3,wunks
0x305c57916d36b6f05094a8708b166d90ba8db1c0,blox
0x306b1ea3ecdf94ab739f1910bbda052ed4a9f949,beanz
0x30bd463d2dd8217b0922efc8bccdd155b387c41a,tamacorgi
0x30f055506ba543ea0942dc8ca03f596ab75bc879,medicated-mice
0x30f219f15d27a1ac5a2e8cca8e32e18cb52f4554,bunnygirls
0x3110ef5f612208724ca51f5761a69081809f03b7,impostors-genesis-aliens
0x315cdf22f70401813601b7f0d6e9923ec0428cd5,ben-mezrich-project
0x31d45de84fde2fb36575085e05754a4932dd5170,rare-apepe-yc
0x31d4da52c12542ac3d6aadba5ed26a3a563a86dc,fly-frogs
0x31e189e2595007fe911c64e5fa53be2ed9a21aca,katana-inu-takeru
0x31eaa2e93d7afd237f87f30c0dbd3adeb9934f1b,isotile-genesis-avatar
0x322642ea10c801080caf251aee260f3bfc5172cc,unapologetic-apes
0x3249c4c8e4ee09b82560dfc19c5962b9d49b6c1f,goblincatz
0x324c0c29e116dc06b31010da6857425bc8700b13,pochi-inu
0x325bad883b4e9a35277e99902d94dd18186ae219,jpunks-og-rex
0x32895105b3a65da694c63a3f5f7347d5ebf07f07,dark-super-bunnies
0x329ee913aeb384822a96c71b609736c77aa5e8a3,capybaras-country-club
0x32c68d0f016b75b3c1161cfbd7ea253847ecdbdd,renderpunks
0x32f8ee2b5707138e1bdd04d3631a04eb104dc141,alphadogs
0x330ceed8e9fc1c5051389fe435c8574a22efd6b2,genesis-penguins
0x333700c270b669e6c9c559d2d3de8c56c984228a,citadel-of-the-machines
0x335eeef8e93a7a757d9e7912044d9cd264e2b2d8,sad-girls-bar
0x338866f8ba75bb9d7a00502e11b099a2636c2c18,women-and-weapons
0x33a237b384b7065c815f7c745d73a0acf140449c,tales-of-tsuki-genesis
0x33a39af0f83e9d46a055e6eebde3296d26d916f4,space-yetis
0x33e1977d6593050520b1fe2d5c586376ad07046d,brain-vomits-garden
0x34037a293ffb6e29057ea7f36a453a39dccd130a,renderpunks
0x34195292dc07b0a0da1540d5a8b3bf6d509f06c4,signature-sneakers-generative
0x341a3286414f82e135d4492725b0b0c944b0c061,food-fighters-universe
0x342ebddbd8a002f8cd3a6bad0c4e27b9941b0555,blotter-party
0x344f84e819fc9100b2d228a7bb2a4591718ec0f4,renderpunks
0x34997f9c19465ec01b7ed2ab0e61e2a388702790,cryptoshack-club
0x34a32df38fc511bf002aed9dec1b70e16870317f,council-of-kingz
0x34c4eba1966b502dfcf0868b6f271d85cc8a2312,moon-ape-lab-genesis
0x34d85c9cdeb23fa97cb08333b511ac86e1c4e258,otherdeed
0x34e8fc7412299d8e2663e492c393e068d796212c,renderpunks
0x34f5c46bc8d76f0484e4368cbe6c12af91c31fb7,angel-baby-hit-squad
0x350b4cdd07cc5836e30086b993d27983465ec014,bastard-penguins
0x35471f47c3c0bc5fc75025b97a19ecdde00f78f8,party-bears
0x356b5a45438552902be1d7d0c0155dafdce98bd7,renderpunks
0x3598fff0f78dd8b497e12a3ad91febcfc8f49d9e,private-jet-pyjama-party
0x35cddeec0410c17bcbdb89e47efc94d862a1fe6e,notorious-kings
0x35f044966a5fc1329e957e1bb465699d5953621c,lazy-longhorns
0x3606b0b69a36d7b46db004a58dea74ea2b885f0b,the-hive-pals
0x361d9583614e2e47305eb0fb95aab6f66f436bef,world-of-irukandji
0x362ba0425fa90138e9189ed369b1ea4827eb43d1,cosmic-fusions
0x364c828ee171616a39897688a831c2499ad972ec,sappy-seals
0x366e3b64ef9060eb4b2b0908d7cd165c26312a23,photosynthesis
0x367d3a87cc46fd91d202bd2b3ebe820fb010cadd,9tales-genesis
0x36ba769a5dad72a7a1add8a4b22eb407093b5f8d,renderpunks
0x36d02dcd463dfd71e4a07d8aa946742da94e8d3a,sympathy-for-the-devils
0x36d16e0758d1b52c28c4579e12b9efa0d23bab29,renderpunks
0x36e1c606fca18cb7f53856f487e5543db05057db,meta-house-mafia
0x37078802b8f4d6cdd7e8da89bfcf3853e43fea98,cosmiqs
0x3769c5700da07fe5b8eee86be97e061f961ae340,gawds
0x37bae3a118c6b88c54c205a61120c44a520634a3,metaguardians-sidekicks
0x37efa9315ae9c416842b079a4275311709d8a6c8,wasted-whales-blackout
0x38eef32ae1978bd4240605f5d3f98a4427fdc845,forest-spirits
0x3903d4ffaaa700b62578a66e7a67ba4cb67787f9,quirkies
0x3943cf9bd3aca41a66ec911a6395727db274856e,cryptodragons
0x39ee2c7b3cb80254225884ca001f57118c8f21b6,the-potatoz
0x3a2096754df385553c4252e5a82dc862e64169bb,thepossessed
0x3a3fba79302144f06f49ffde69ce4b7f6ad4dd3d,light-super-bunnies
0x3a5051566b2241285be871f650c445a88a970edd,the-humanoids
0x3acce66cd37518a6d77d9ea3039e00b3a2955460,wonderpals
0x3ad30c5e2985e960e89f4a28efc91ba73e104b77,mad-mouse-circus-genesis
0x3af65d01f6cde41965a2d591bb399c8f0db76afd,rebel-kids
0x3b3c2dacfdd7b620c8916a5f7aa6476bdfb1aa07,children-of-ukiyo
0x3b553fc51a63298e2e44d8ecd3b1ea01d22ca459,renderpunks
0x3b8ceb26f4fabacbd02b22caeceeb26d67e4013a,moonlanderz
0x3bf254b6e2c616a72e1540cdfd17533ac9f57891,m-u-g-s
0x3c9bfa7bf08d4752d2981e509d6389763ce29260,meta-girlfriends
0x3ca5b00ade54365fbd590d4bc397e044a13068e5,feudalz
0x3cd859effbb3375acde3e2941c7e8e833221dfb1,imps-by-supernfty
0x3d12d0edc8f0284a49ffac3196ee1f796b454757,cowboy-punks
0x3e2803e5d68dfcfacfbc9be836e24d24fca674b8,elven
0x3e55d389d352f4905961a6b32ca53b2f229fed73,cryptoburbs-ii
0x3e6046b4d127179f0a421f3148b43cf52c08fc41,you-by-bff
0x3eaca86be9ceeadc14c1932753aeec0d83a372a6,emotes-by-heart-you
0x3ed7dfaca773b90da1bc3fa8b04656c917d33afb,ape-invaders-genesis
0x3eff964d46c62be703d9a01ef720ba0479e79c3c,beatnik-tiki-tribe
0x3f20958d3f58aa4f3c14c9350976721a0acac440,kozmonautslta
0x3f7e48a065899fb01878fc91657d2bb0bf1be993,renderpunks
0x4044c910abf8e19b90418275e787cce902abce3d,the-jungle-tribe-genesis
0x40a0f793ccfd9bc6f2532d06d022be0f978ecbf3,laid-back-llamas
0x40abc0be46decb904464c97ce0d804a839c70d60,fresh-fools
0x40ebb6e9f4aeb1a3f53707f4f5bdf2e95aacfb6c,renderpunks
0x40fb1c0f6f73b9fc5a81574ff39d27e0ba06b17b,renderpunks
0x415f77738147a65a9d76bb0407af206a921cee0f,cheebs
0x417737d49a175d62625154262d8569d3890425ae,whaletogether
0x41a70a616a35cbfa00cc0319748f281396366736,the-solaverse-sola-stars
0x41f20599e9e049004c4d169046eb7023117a6244,gutter-clones
0x42069abfe407c60cf4ae4112bedead391dba1cdb,cryptodickbutts
0x42074b47e57a0950f21443ccbab452ab53890956,etheremura
0x42535ec3ed3120c3d2f51828795984493f44f80b,baboon-brigade
0x42fe737749683595e4315b443eadcc9346a994d9,huxley-comics
0x434136d5b3bb85edb5274df3a7888ac15418bdd4,couch-meme
0x436fbf52faf705b6f82404bd06fb637bc4cc44ae,mecha-melters
0x4372f4d950d30c6f12c7228ade77d6cc019404c9,alpha-shark
0x43cae02414cbce84f3ce3e24376a3f43c635bac7,renderpunks
0x43da7b1e08fd6f2401f600c65a1db73c83a12beb,los-muertos-diablo
0x447639f582b47c632143b1083d19808416bf507f,synthheads
0x4498118b7e1ab8bc9352037cf71f66b3151f4351,bad-kids-alley
0x449d33175a6074ab6ca1fb5dde89a4224e0a9177,hodler-chads
0x44a144f115b11ab052563ca17dfd430c914bd989,tokenpuss
0x44ab21cb8972c7b783dda32e93ed8a9075da8e6f,zoofrenz-apefrenz-2-0
0x44e8c05bdaf35ad0ccb06a035359276edd87bebc,cosmos-kidz
0x45359616610a584cc39aecdcbb2a457976780023,kindergarten-babyapes
0x459ea67815b4720e55ec7dfd93687c9d2924eb79,angelblock
0x45db714f24f5a313569c41683047f1d49e78ba07,space-punks
0x45ebb5fe718f40052fb2dc2463c13717b7b72768,degen-gang
0x45f72cd82b1eed1824bee288e092568f80bc5d1c,meta-moose-club
0x460c6fc0d59c2619144d1b6a73576eec80a7e904,renderpunks
0x4621f7789179808114c5685fd5e2847a0f7b2246,penguin-fight-club
0x466cfcd0525189b573e794f554b8a751279213ac,dooplicator
0x469823c7b84264d1bafbcd6010e9cdf1cac305a3,crypto-bull-society
0x470128c72e03c178cb26cd800bfd4d9b2ef2420d,renderpunks
0x470c41dedfb43460991016dac017a9c00fdebe15,edo2022
0x4721d66937b16274fac603509e9d61c5372ff220,fast-food-frens
0x47847572b93677c1914b146bab9e607e30f4ae77,sad-bots-genesis
0x47bd71b482b27ebdb57af6e372cab46c7280bf44,blockchain-miners-club
0x48355ce6ba377d06335be9499feaf735948484bc,beans-dumb-ways-to-die
0x4840f2182109539acbfef535bb6dea2d560b9d70,evil-teddy-bear
0x4857620ab0adeabf036f5fc014b40666a4feff50,renderpunks
0x48dfc81a5d497b6af1c3e35e514d2a54ede1f9d9,renderpunks
0x490241c095c83720133efb32358c1a8059c9daab,meta-moguls-genesis
0x492e71fa9f56d558f30388c20779e13e7a13e0da,deadbears
0x495f947276749ce646f68ac8c248420045cb7b5e,renderpunks
0x4961db588dd962abb20927aa38fa33e5225b3be2,save-the-martians
0x497a9a79e82e6fc0ff10a16f6f75e6fcd5ae65a8,77-bit
0x497b54355043e7a0d06bf5e3c20cecf859fcc0a8,vividlimited
0x49907029e80de1cbb3a46fd44247bf8ba8b5f12f,more-than-gamers
0x49bd963f01588adf5c118d3eab2e5ae0dcf5ec0c,umiverse
0x49c358afee381d32582700cbdd7e9746dc341973,renderpunks
0x49cf6f5d44e70224e2e23fdcdd2c053f30ada28b,clone-x
0x4a4c6a157368cb7aac3154d83cf181436041a868,cosmic-babies
0x4a8b01e437c65fa8612e8b699266c0e0a98ff65c,space-poggers
0x4a94844ac9d93bae2b48f0b10b20b7ef1225188d,goodboi-society
0x4aec39f9b85141df3c86b54c1014eb24f2b3fbb2,apetothemoon
0x4b091866ac423ecdacd8fceb5fe047cb972ed93e,snw-cardborg
0x4b26d84c6ae1e59a30bea1a823db477b859e5075,renderpunks
0x4b61413d4392c806e6d0ff5ee91e6073c21d6430,muri-by-haus
0x4b9cc1984c87f2f461641e90fc56a8aae4c33eda,big-brain-society
0x4bb33f6e69fd62cf3abbcc6f1f43b94a5d572c2b,renderpunks
0x4bedc9e2c8e442e4cf5087c2860bef4f22baa809,slothz
0x4bfa4985397f4ce24fb8b40076817947d6dc96f8,etherheads
0x4c41c303cb7892a13acce8ff2837d41fbbd2e0ad,awesome-apes
0x4c91e6485651fbdc347af476e350e52d1b818408,unitedpunksunion
0x4cd0ea8b1bdb5ab9249d96ccf3d8a0d3ada2bc76,boonji-project
0x4ceb477a068350bc652cabff127f87ad874b11f9,roborovski
0x4db1f25d3d98600140dfc18deb7515be5bd293af,hape-prime
0x4db91d7c8ed546040012d074d8100e31f20adc62,bizarros
0x4dfcdcf23aad8cbb8f4d1665c746d7d935693b6f,nom-noms
0x4e0e38e3edf5eb7813c66181aa0f48036fc97e3c,future-turtles-genesis
0x4ea8972d6dca586baf22dfbe727f31c3274765ae,meta-penguin-island
0x4ebdd33ca183a8a5f82c43831df5147ea0e16b93,shroomz
0x4ec83fb4e8ee6955a5b9bd88d901d232205f5444,the-secret-society-xx
0x4eca3d3d8148a181226861bb3ec3514706360362,dgenesis-dgen-automatons
0x4edcd9491799bc9b13e688c7ef11356c34d739a6,monumentals
0x4ef3d9eab34783995bc394d569845585ac805ef8,the-americans
0x4f1b1306e8bd70389d3c413888a61bb41171a0bc,approving-corgis
0x4f85620beb2c229e34d00b1b1c9f5e76bc212a76,gymbros
0x4f94a08744fa36fae992a4f8830c65e37e8f388b,9tales-phase-1
0x4f9835dbb442b263bbd20ff2731162101d9c3a89,cryptoad-punks
0x5025ebac986d9a5914442c6c0496fbbe41ef1464,chain-scouts-genesis
0x5041a99684d38e280e4b0b356185bf18c991f88b,satoshis-legions-the-legionnaires
0x506c29ae8417efc5f346f2b3c9e40317f54b57b4,ben-baller-blockchains
0x50724f304a0a0625681286a178e06b8e514292c0,t-rex-sapiens-order
0x50b45ebed0d68f4483932923e08808b3e98dabaa,hape-exodus
0x50cea23c192d26deb1f02083a02c0ed82375e676,senior-ape-golf-club
0x50e712b3a260d7639179e8277836253461418f23,the-modz
0x5180db8f5c931aae63c74266b211f580155ecac8,cryptocoven
0x5181af2c5cd19aaecada5d8a7afb7856b7643aca,castle-kid
0x51a0922f27df0dfabbf4aba5c7908bab027dcc8b,happy-homies
0x51bd5948cf84a1041d2720f56ded5e173396fc95,wilder-moto-genesis
0x524cab2ec69124574082676e6f654a18df49a048,lil-pudgys
0x529574d1affef7cf347cdd02b91efd2c00bb773b,grumpls
0x5298c6d5ac0f2964bbb27f496a8193ce78e8a8e6,enigma-economy
0x52daa968dc4c5f49a0e97c960fbbf79ba6bcd992,super-apes-club-genesis
0x52f7dca46ffe4f269e8cbb6cb1e18606f642e5b8,puli-runners
0x535fe8c0d3620606d99d8be3fb37aee325de8bc8,the-high-society
0x537b2279d8f625a1b74cf3c1f0e2122fb047a6b0,tronwars
0x5397e20a4d19ff2579e257c15a3daee05c4c3f53,renderpunks
0x5457ef2d4e248d62b7194f57901361024af9a3f0,renderpunks
0x54616c0815c306fc22417b96282ca4aa6f47d357,troll-town-wtf
0x549d38f104ac46d856c1b2bf2a20d170efdb2a8d,lonely-frog-lambo-club
0x55700cd2e91f39bc56f589b346dac12a7907ea08,travel-tiger-club
0x5593827c0878e411e144f1f0675ed645b79e6982,renderpunks
0x55a2525a0f4b0caa2005fb83a3aa3ac95683c661,renderpunks
0x565abc3feaa3bc3820b83620f4bbf16b5c4d47a3,whoopsies-doopsies
0x566309d3523a216287bfb39c6b6bbb3a504ef5f0,artlesslabs-geometria
0x569f26145f0c2fcc3da68395be3639009c53b6d8,animo
0x56b391339615fd0e88e0d370f451fa91478bb20f,ethaliens
0x56e5003cc86e75e750fbdb4716c80a2a22d2b5c5,godly-legion
0x56f0624d2882d4a67ddc533b45c6761d770633b1,renderpunks
0x570fa0bc16487152cc2b5ced1533930bb4888b66,citizenz-genesis
0x57a204aa1042f6e66dd7730813f4024114d74f37,cyberkongz
0x57b9522b1723af5050498dce68a61aeb362e22af,renderpunks
0x5814136a169be89e64f9d090d34fb77a1b4beea0,renderpunks
0x581416181453cdb892451db4acd476d95fc9fe66,holy-villains
0x582048c4077a34e7c3799962f1f8c5342a3f4b12,shinsei-galverse
0x582b874af6a8d0ec283febe1988fb4a67c06e050,kaijukongz
0x586e1dfa8ceb7d7c46c2f616a04b0d2e995520a4,richkids
0x588c1525c8c4853b949f636067d3d15085bf9970,angelsdevilsnft
0x58ac02a37dafbb0ea06f5d1590ac450713a417c6,renderpunks
0x58dcedfb8291b2da55c523d3d9ef90409c1535ef,tomodachi-friends
0x58f6e32baa17de3862b9c5859bc3bcf0c2ce1947,doodle-kongz-dongiez
0x5926a6f1200adc527d7c0eaa62ece5db89f932ac,breadaverse
0x59468516a8259058bad1ca5f8f4bff190d30e066,invisible-friends
0x595078d21c7659194757a64f347fb783cae5d323,renderpunks
0x596a0f276ee432d8a28441e55737ff55cf30d0f7,rare-land
0x59c1fbcbde1c5339e42bf1d48587718c15eead4e,wealthy-ape-social-club
0x5a0d4479aed030305a36a1fb516346d533e794fb,moshi-mochi
0x5aa140dd5b946687e38d5f5ac4ef9e7b0154eff6,space-dinos
0x5ab35e002164f38a50be42bdd6d0af76340bd305,renderpunks
0x5af0d9827e0c53e4799bb226655a1de152a425a5,milady-maker
0x5b19518e78de2fc0c8d9aced836d17a5ada8aca1,metawolves
0x5b2b1212777262bdbf277263fafa36ebd8a3e90f,elysium-metagods
0x5b42a2eb3b141ee3cfb6bcc4484e68c7fdf259ef,dual-world-fusion
0x5b97353bb450c2cc0d91c681bf6102166a7465c9,minenations-champions
0x5b9d7ee3ba252c41a07c2d6ec799eff8858bf117,banana-task-force-ape
0x5c2877fb8992d22b8d764e7d799b7f89d8130ecb,xenoinfinity
0x5c3cc8d8f5c2186d07d0bd9e5b463dca507b1708,clementine-s-nightmare
0x5c9f8b00db5ae281e8f401789224fe0227f24d81,ethx-ai
0x5cc804aa964e02ebf4b444d22dcf7f10a8ddd506,ksoids
0x5e014f8c5778138ccc2c2d88e0530bc343831073,dour-fits
0x5e4aab148410de1cb50cdcd5108e1260cc36d266,bad-bears-genesis
0x5ec2642b5c9fb3c78ff39dcca37e277ed1695ff0,tie-dye-ninjas
0x5f001a2a283d58192e9af7181ad10110fbbeee19,cyclops-monkey-club
0x5f90fc33d7a4b768fe12d6f954fde2f790c593ff,mymoonboots-mb1-genesis
0x5ff0a71977584d9cbe5d5f56e9843cd672672ddd,women-of-crypto
0x5ff1863753c1920c38c7bae94576f2831ef99695,kitbash-boogers
0x604340f00c6be9bb153da0cf0aec57244ec369b0,renderpunks
0x6060cb7916e1a13b531a799b1fd2fba6691380a1,war-apes
0x6069a6c32cf691f5982febae4faf8a6f3ab2f0f6,bullsontheblock-evo
0x6080b6d2c02e9a0853495b87ce6a65e353b74744,eightbit
0x60e4d786628fea6478f785a6d7e704777c86a7c6,mutant-ape-yacht-club
0x60f80121c31a0d46b5279700f9df786054aa5ee5,renderpunks
0x615db11cd58b40edc9c15529b7820cc1f59b7056,the-villains
0x6177e15ef59d6117bd29c8042ede3c60a2fc9ad3,thumbs-self-loathing-genesis
0x61cece14e222385d5ac83f3d0cbd518f5feb3559,whisbe-vandalz
0x620b70123fb810f6c653da7644b5dd0b6312e4d8,space-doodles
0x6250b989ecf7cb82c7892e1cea604ed813423635,metafans-genesis-collection
0x62b3f9b12e3311557dfc03ee5d9cf8244e285f43,chill-bear-society
0x63086214e05548b8fd6181dca03f85c23c1257f4,renderpunks
0x6317c4cab501655d7b85128a5868e98a094c0082,monsterbuds
0x633970e51e5bb341685eea571a3f3fd77f73b9d5,renderpunks
0x636b21137054e5756cb9ea2f59ca876d6b1446a1,smath-world-prd-x
0x63d48ed3f50aba950c17e37ca03356ccd6b6a280,cozy-penguins
0x63e9c98843fb96e371cf625cdd3a01040c6d3bbc,dead-handz-tartarus
0x6409d3a686c2ab9b418fb3cb5b4778509c5cadd6,happy-sharks
0x645670add376f19c3d2c9bdd62dd4190c8fad988,toonsquad
0x64679b3e8bad0badc328da8669b882ec09fee87c,mafiabears
0x64b6b4142d4d78e49d53430c1d3939f2317f9085,aimoonbirds
0x64bd0afbd86ac88f276960b5df1c80b1cb9726fc,hangry-hippo
0x64e45f6735671b07390c34fe2af2054da12876f9,crypto-bears
0x655398b16f34d169d9d752b9db42ac7b787b799c,the-parrot-boss
0x65770b5283117639760bea3f867b69b3697a91dd,unisocks
0x657f49b422f98b3092f27add6210831bf2e56622,lucky-buddha-lucky-club
0x659a4bdaaacc62d2bd9cb18225d9c89b5b697a5a,we-are-all-going-to-die
0x6632a9d63e142f17a668064d41a21193b49b41a0,prime-ape-planet
0x664c52a8be09134d7f92701ebc12f34772e97474,board-2-death-club
0x666099e6f554acf8abb57181f559c194ac21307f,the-space-warriors-club
0x66a1b09adcff8df2e321b5cfbbf134121520d785,cyberronin-haruka
0x67062888a7c4d7acac8d4ee82920aa1e0189accc,swampverse-creatures
0x670d4dd2e6badfbbd372d0d37e06cd2852754a04,nina-s-super-cool-world
0x6728d91abacdbac2f326baa384513a523c21b80a,shitbeast
0x67421c8622f8e38fe9868b4636b8dc855347d570,the-squishiverse
0x67d9417c9c3c250f61a83c7e8658dac487b56b09,phantabear
0x6800c6fa007390da9a3965f5ade354005e1193bd,crypto-nijigen-girls
0x684e4ed51d350b4d76a3a07864df572d24e6dc4c,isekai-meta
0x68bd8b7c45633de6d7afd0b1f7b86b37b8a3c02a,beanbag-frens
0x68c70406cebae5901a88cf7e024a2b02a6a0fbba,babyelonworld
0x68cd21d362c2dae66909afd810e391fa152b2379,anime-metaverse-soulmates
0x68cf439ba5d2897524091ef81cb0a3d1f56e5500,bit-bot-society
0x692038c37f56e1772ce1d61cd0ff2d4289028458,alpha-elementary
0x69ae84b7e80d72d8f6241dd72ae0c331738f334a,renderpunks
0x69b9c98e8d715c25b330d0d4eb07e68cbb7f6cfc,starcatchers
0x69eedf1adff4cffcef446a055cb891973b8a8adf,frenly-flyz
0x6a288e6d3f40ba0e019b61488f4ece5cae5fd13d,hero-galaxy-anti-heroes
0x6c9343ca5c2ef3a35a83438344bb3cbe3c249f65,board-ape-collective
0x6cad6e1abc83068ea98924aef37e996ed02abf1c,dino-gangz
0x6cbbd083cf87a599cdd6b91c2ac9a63aa50d9a7e,mee6-avatars
0x6cdf08ff9216b6e22a51852f48feb10ea05dff31,renderpunks
0x6ce9ee25a3942baab219c2ee6fadcb8abefaee52,poor-dudes
0x6d0de90cdc47047982238fcf69944555d27ecb25,regulars
0x6d67b4b4c2db36e1efa94d394d1f7ae4ed5d3d08,baddies
0x6e23ad2fc79b71532f22c17d9cacfa1af613fcd8,metapiggybanks
0x6e5322ee2ae9ac0f90e979b8aced243a2ea8722d,renderpunks
0x6e8f13c63a4b45f951bbfd1465518c3dcf632ed2,renderpunks
0x6e96fb1f6d8cb1463e018a2cc6e09c64ed474dea,mandelbrot-set-collection
0x6e9da81ce622fb65abf6a8d8040e460ff2543add,gutter-dogs
0x6f0365ca2c1dd63473f898a60f878a07e0f68a26,top-dog-beach-club
0x6f44db5ed6b86d9cc6046d0c78b82cad9e600f6a,digi-dragonz-reborn
0x6faa985dc84619c689509a55cee7ccc36251b4c0,immortal-monks
0x6fe5e7acfdfbdfc15d1f451308b889011a534570,renderpunks
0x701a038af4bd0fc9b69a829ddcb2f61185a49568,kiwami
0x704bf12276f5c4bc9349d0e119027ead839b081b,timeless-characters
0x70559bc227b5daa0e395e636ed4c97c3d4a21361,model-eros-village
0x70789e18a75611a9516d6251d650d096740a9e07,steezyapegang
0x70c5ae7fc63a2d4b61ba2fa5c6c700f8ddfe083d,renderpunks
0x71060177876148ee0d5ffb06b48f4e9269070d49,lil-boomies
0x716f29b8972d551294d9e02b3eb0fc1107fbf4aa,imaginary-ones
0x71c4658acc7b53ee814a29ce31100ff85ca23ca7,galaxy-kats
0x71e7afa8b3ab8e83011ce7bbbdcd76ccd7cb0660,madworld-x-b-duck
0x71ec7986247914b28e983d63066eae42eb38a020,hashflow
0x730b6e13e58a0e21d85f1e978b4422eb2da63157,456-collectors-club
0x73382b19fe136907e9fd4cb1d55228237566324c,zooverse-genesis
0x733d8fe52aa82304d697d4c4f5312ac95459d7b9,renderpunks
0x7357dc2f2b6b51c8e2c7efc728002a499d503c17,the-last-supper
0x73883743dd9894bd2d43e975465b50df8d3af3b2,doge-pound-puppies
0x74959a66bda4bda158f2b0f2ca0272cef45fa741,riot-girls
0x749cda693c2f29bf894df5b7060034cb675ee631,meta-ape-militia
0x74d9d90a7fc261fbe92ed47b606b6e0e00d75e70,mad-mouse-circus-troupe
0x74ecb5f64363bd663abd3ef08df75dd22d853bfc,gauntlets
0x7592e2f251a7f7da27211625d652092769f43a60,mirror
0x75b7d9fe942fb1c7d10885d5315081a63f89706d,monolocco
0x75d6d90f712493b6d4198c3822713321973536d3,chummyfinclub
0x75ec9fec415d6941d27eaad3d508da50e0d302d8,castle-of-blackwater-genesis
0x762bc5880f128dcac29cffdde1cf7ddf4cfc39ee,troverse-planets
0x763864f1a74d748015f45f7c1181b60e62e40804,dope-shibas
0x7645eec8bb51862a5aa855c40971b2877dae81af,london-gift
0x76a9c69c6491ca42af9fee3baa5a5de6d1eefbe4,house-ofbelievers
0x76e51bc8fa0beebcf3e45de408fa43c9dc5ffb27,primate-social-society
0x7746b7ef168547b61890e6b7ce2cc6a1fe40c872,legends-of-atlantis
0x779421ffe3c1a0a45f03fb246757f7575ce133ef,jungle-freaks-motor-club
0x77f649385ca963859693c3d3299d36dfc7324eb9,tribe-odyssey
0x77ffa96497db0a80f816a36583e5cffe920bd9a7,diamond-heist
0x7828c811636ccf051993c1ec3157b0b732e55b23,degenerate-regenerate
0x793daf78b74aadf1eda5cc07a558fed932360a60,wandernauts
0x79da5fa272e8fb280cee4d0649aa6a9e4e62ceb0,wall-street-bulls
0x7a2e961c7adc05f8352818274687b3dda477dbaa,spectral-skellies
0x7a41e410bb784d9875fa14f2d7d2fa825466cdae,meta-labs-field-agents
0x7a6e63979d05b22d9da02acc7380f5a92266d953,renderpunks
0x7a975fdaf6e3195fcc5946020b4a0c5ef55f2a4e,renderpunks
0x7afeda4c714e1c0a2a1248332c100924506ac8e6,fvck-crystal
0x7b4d47feb4d6cef88302d7272da337b050f48a8f,renderpunks
0x7c07aafa429d952ac3fde9ca037003edb57ce14e,mini-monkey-mafia
0x7c4d474bb7c274dde68c0e6e82bdfd81a2f8fa9f,royal-ceramic-club
0x7cb90567a118cd9f6ca326067a0813b289bdcb54,apes-together-strong
0x7d05c8d8cc1bac936ea09308a9e94823986f8321,djenerates
0x7d8820fa92eb1584636f4f5b8515b5476b75171a,murakami-flowers
0x7e2cd0d812e47b45a8b0b9fca49c39019ac2bd25,mutant-pastel-club
0x7e72c07706bfb258ce6a5b893457f7d4bb15f44b,fallout-freaks
0x7ea3cca10668b8346aec0bf1844a49e995527c8b,cyberkongz-vx
0x7eba76cc3f0ffb89d6a9eed8f50e3db0cd445852,mad-banana-union
0x7ed5988ef2929304e3e40e5c273c087850265c25,renderpunks
0x7ede9ca15267a69e68d76a0595b30bd592177e1e,pawzeesclu
0x7ee2827060a8bead3a027fc596364895f86bfe23,adrunner
0x7fcbb823ff16110e5a14c3c897dc0af334423e4f,mistletoadz-by-gremplin
0x80151bf10579df3aeb59e747d3ac0201e4290986,funga-friends
0x80336ad7a747236ef41f47ed2c7641828a480baa,chimpers
0x80ab79e5c36351fb5dbe2b35e97f724eca47ae29,ballman-project
0x8168d5bc7cb4892d257d7b09ad96d1a7d7657ec6,pokey-universe
0x8184a482a5038b124d933b779e0ea6e0fb72f54e,the-wanderers
0x81a524d2efbd53f1b4ebe3fc02e48d847933130d,goblin-ghosts
0x822674bc21e35d4d79557335fb1cf679dd934500,trippy-fren
0x8380d2d045bbd76d83f4805b85c277afd23a28ae,renderpunks
0x83b070e842adba2397113c4bca70c00d7df00729,blvck-genesis
0x8442dd3e5529063b43c69212d64d5ad67b726ea6,goons-of-balatroon
0x8512055e65d1a1947703c83a1849c53d95d21503,unikong
0x854eca04ff6c3b01940fe95620c555d3948bea38,bitgoons
0x8620121c74da24b7718849d3e6a57fad9c2b098c,pymons
0x86f6bf16f495afc065da4095ac12ccd5e83a8c85,crazy-lizard-army-base
0x87084ec881d5a15c918057f326790db177d218f2,fancybears-metaverse
0x87c4ba6f6ee73e0d420eb56c54243a5ae486e51b,the-lobstars
0x88091012eedf8dba59d08e27ed7b22008f5d6fe5,secret-society-of-whales
0x882a47e6070aca3f38ce6929501f4787803a072b,dizzy-dragons
0x8860b5e3ace3d1f131ed2d349f971144b300d062,crypto-ghosts
0x892848074ddea461a15f337250da3ce55580ca85,cyberbrokers
0x89b597199dac806ceecfc091e56044d34e59985c,monster-suit
0x8a1658607793276301a2769bf49b16d98ac16fd8,cryptohippos
0x8a90cab2b38dba80c64b7734e58ee1db38b8992e,doodles
0x8a91221b094c428eac0462174b05b51d5a3aa869,moongang
0x8abde73d078ce2b5c24e2fd10ebeee9ded879b8d,renderpunks
0x8af7abb1c69bf0a8d3b49b252fff2843596504a2,samuraidoge
0x8b04f728bba8aeab568e04496725b14ddd81bb79,renderpunks
0x8b11d603b5bd9cce0ebebd544fa556cf1a6a8bd6,88-dynasty
0x8b88bb4a9e0b59b7128ddb69ae04f280d6a568a9,viento-en-contra
0x8c7fa5263f565f254bd2eef97a95a5f29cc6e5dc,renderpunks
0x8cc9dafedbe4f462b2b7a3410aaa196362edb882,renderpunks
0x8cd8155e1af6ad31dd9eec2ced37e04145acfcb3,cupcats
0x8ddfd6149ddd2e34ff029291c27d6a8ed39b8e8b,mekai
0x8e0543eacd5078ba9db88f34e2cbc24b7c2eb790,panda-dynasty
0x8e37ddc122cc8af0a47785d060e091d1fbd94941,plur
0x8f17a839b6cd38e9888be3cc901a6726e84d6462,cyber-bandits
0x8f2cef1cbff23d7d657ddbae39650bb860e87132,anim-jp
0x8f419642908e7f4bd8e925a47fa49e71cd3b5394,renderpunks
0x9081fa623bc7418982174b61ece7351095f74e58,calcium4bones
0x9157ed0cf5cf1e777d4acf8159c8c0f820d2cf94,renderpunks
0x916fb29aa1a560c4540401b30c8199611d3a1809,women-tribe
0x918f677b3ab4b9290ca96a95430fd228b2d84817,lil-baby-ape-club
0x919281fb2e6267eaeafc711c3a20f711609c7854,3ntity-8pirit
0x9195157fec03a803f307974cc634146c3be6c21c,renderpunks
0x91f7bb6900d65d004a659f34205beafc3b4e136c,derpy-birbs
0x92818b9b38cdfedeae254b338561d7de3ebe0037,the-golden-pups
0x9294b5bce53c444eb78b7bd9532d809e9b9cd123,sloth-roob
0x92ac03d1eb81bb8402fcdbe3ef43c6ca0cbba8f9,fearcity
0x9372b371196751dd2f603729ae8d8014bbeb07f6,bored-bunny
0x9378368ba6b85c1fba5b131b530f5f5bedf21a18,veefriends-series-2
0x9498e391ca49722988fc4da4d0d8c9c987ce8961,renderpunks
0x94e94913e10f19b564260ae8ee9c8139f554e8d1,dennis-rodman-s-barbershop
0x950b9476a4de757bb134483029ac4ec17e739e3a,gutter-pigeons
0x9525c4fe14addba627db8e45036767895181e559,covidbots
0x95f36f45d93e5271612e4fd365fa9c2ac165a3fc,unbanked-bankers
0x9619dabdc2eb3679943b51afbc134dec31b74fe8,ethermore
0x9649f44a1c2ee73ca686d40569236ef4638706d2,renderpunks
0x96be46c50e882dbd373081d08e0cde2b055adf6c,asm-aifa-all-stars
0x96f98c60c04ba6fe47b3315e3689b270b3952e26,bored-bad-bunny
0x971f761110432c851516a73a338f1779814cf7f6,chibi-legends
0x975d74900ef48f53fa7d4f3550fa0c89f3b3c1dc,wgmis
0x976330a69204e51967bc55512344e284620afcb0,polite-raptors-pack
0x977dc06b51e14277a5ac047b44c78dbcc60a372b,meka-ape-club
0x97e41d5ce9c8cb1f83947ef82a86e345aed673f3,the-ninja-hideout
0x97f20732a1ae8b2cb72189fdcad0ac777f6c1010,supernerds
0x9808226ed04e92f9380da67c5606354fae5891b0,stripper-ville
0x984f7b398d577c0adde08293a53ae9d3b6b7a5c5,stoner-ape-club
0x986aea67c7d6a15036e18678065eb663fc5be883,niftydegen
0x99654fd49c0e51b8029d2ba7de5b99734ab7afec,cryptomoms
0x99981b8d6722893fa93e42a1b1e814ceddef62b1,renderpunks
0x9a47fb648c2d7c0c45b67db946b1af199055ef87,renderpunks
0x9af18ae321386085aa287723f64eb640694b0a13,sharkcove
0x9b91d50c90dc2bee416562c102387ab7f0db8fd9,mekaformers-genesis
0x9bb7da8f68f15ece32fe323246e7a1abac6d895d,the-cryptid-collective
0x9c0ffc9088abeb2ea220d642218874639229fa7a,dogs-unchained
0x9c188f558f8d9f01204e55f2fa484ddb5765cb99,fat-ape-babies-club
0x9c1d606c8b9ed5f3c7cbec84615344b1e4987fcd,renderpunks
0x9c310a63ee5352d1cdbec32439ce22f0e89d5e14,fcf-ballerz-collective-gang
0x9c38e7830c93dddd117b7e0cc8e9c1b1bf935f93,moneyshark
0x9c8a0c3d843face1a0f88085c8c72bfe814b2656,renderpunks
0x9d22fd3c176dde9e1a8c4e0a5408025154002080,deep-blue-sea-club
0x9d5407c08febe35f3a747da422dc2da45ca30b61,fcf-ballerz-collective-apes
0x9d81a82f2942d360f67702638edc89c938d57b77,renderpunks
0x9d8826881a2beab386a7858e59c228a85b3963e1,genesis-bloodshed-bears
0x9db11c5621ef21098fabb59d662857759e0b75a3,crypto-squatches
0x9e6973c77522f2cfff8ca3c45cf4f76581496976,renderpunks
0x9eaaf84ca9878736d0d7329f860d574a8e83551c,taco-gatos
0x9eeeaf684e228c2d5c89435e010acc02c41dc86b,bricktopians
0x9f3ee57c5cba3862fcf081e408844a9dee2720ae,renderpunks
0x9f4df153d95a8460f6e82c21cab92719781fab84,colonists
0xa03e357a09e761e8d486a1419c74bf42e8d1b064,silks-genesis-avatar
0xa0768dc386712ed355f41d56bdbc05bfbb9c797b,voiceverse-origins
0xa1c8c7a70310cbd0583baad295a592217e83460b,renderpunks
0xa1cc7eb97b015ab362d1a5ff34afea78c0dd6e95,genesis-gradients
0xa1d4657e0e6507d5a94d06da93e94dc7c8c44b51,worldwide-webb-land
0xa324b906f39f83f676991e67b5a2cdc9ca1466db,royal-rabbits-club
0xa338b3dedc7b3cdfca4dc1f9fc81dfdc7b1c0368,manga-society
0xa342f5d851e866e18ff98f351f2c6637f4478db5,renderpunks
0xa3951a90d60eaaffa28e5b32610e12bfe85bbfb4,wasted-whales-the-hangover
0xa3b7cee4e082183e69a03fc03476f28b12c545a7,chill-frogs
0xa3d6df9f43bdc0869acb6cad9b3c9c19e093a981,renderpunks
0xa406489360a47af2c74fc1004316a64e469646a5,the-surreals
0xa4966da44b03b43a71826025f39d880de1f9cbeb,spirit4
0xa4b37d6c9e087317be73c39b826189a1f6f8a6d8,gridcraft-genesis-identities
0xa4c9956d27240692cab456d543d482d947c8d81b,sabertoothed-tigers-club
0xa4eacdf4af749060a22aefe06337cb9fb96d45fb,shark-outlaw-squad
0xa54e6b99f58b6165228abcdc681e9a16bcefdbe1,sherbet
0xa556157eb576d59482e6146846e08f67ade26c21,wackies
0xa5814003d93a6ff861ae125ac706ce5043004903,creepy-creams
0xa6373bb24ae10daa52fd49bf75e453bf2b26f09a,renderpunks
0xa63a109fa37bc84a7619690c89650b315f0cc3ab,renderpunks
0xa647f9a598e10f94fe5a6d6bc83a02cbfbbc01ca,monsterchompers
0xa65ba71d653f62c64d97099b58d25a955eb374a0,neo-tokyo-punks
0xa6794dec66df7d8b69752956df1b28ca93f77cd7,savage-droids
0xa67b2582b1b86b6442d2be8ca6025d2d80c16e81,city-of-block
0xa7ee407497b2aeb43580cabe2b04026b5419d1dc,superlative-secret-society
0xa83b409be1ad79ef27d8e14a3d6aaed7b40959dc,proud-lions-club
0xa9c454abac6fd0d177af04c92bfd0445c2a99eed,droid-invaders
0xa9e56882a9dfc8cec9aaac34f7db2ac5c3f4ee38,high-sloth-society
0xaad35c2dadbe77f97301617d82e661776c891fa9,akutars
0xaadba140ae5e4c8a9ef0cc86ea3124b446e3e46a,mutant-cats
0xaae9df0f50d53f9ac50651bf69590ab7b1091451,cryptodragons-eggs
0xaaf03a65cbd8f01b512cd8d530a675b3963de255,the-seekers
0xab7ff2afd4176f5d82d071e83c814a0dd7fb1195,renderpunks
0xabf66ca534f8a5081303e3873f0f4771c67b7b45,the-walking-dead
0xacecb5d0b8c1b74a8745733dbe458a1546e32096,dape
0xacf63e56fd08970b43401492a02f6f38b6635c91,kanpai-pandas
0xad01134c631032601c4639030876cd5d5d07df57,renderpunks
0xad0820f9436bff8c5a7b1a2be57d23c0b8ec0a29,tales-from-the-wild-first-egg
0xad265ab9b99296364f13ce5b8b3e8d0998778bfb,meta-angels
0xad3018b6c203174f9a84373fcf862300147ba5f6,renderpunks
0xad9fd7cb4fc7a0fbce08d64068f60cbde22ed34c,vox
0xadc28cac9c1d53cc7457b11cc9423903dc09dddc,sketchy-ape-book-club
0xadc52dbeef1db8a956f9ce2aac360294e33c19ea,cool-pigz
0xadf954730949533cefc0f882e89b8e42325bb0dc,down-bad-doomers
0xae16529ed90fafc927d774ea7be1b95d826664e3,cryptodemonz
0xae619f94d35328b4c15d235d45ac72ebdeca93f9,metasphere
0xae6ee49ae244cc6279806c7c301fa5f104fc5e3d,mintonians
0xaf016b5708f013e3c4b7cfa8b2ec43021465fa28,renderpunks
0xafd0ca9f0674b30b0436137177d0327be584fdb9,polypixos
0xaffc147d043cfc1fae63d947678670d16afe160c,hyena-house
0xb18380485f7ba9c23deb729bedd3a3499dbd4449,small-bros
0xb194f007c8cf2fa0e073385af2a26edf6b6b7d50,renderpunks
0xb1b10c54ce06a474761aba36bd396966389a0d6d,xoxo-by-maya-yehuda-devir
0xb1bb22c3101e7653d0d969f42f831bd9accc38a5,kitpics
0xb2a512188cb196b77f666628350554836b63b4f8,founder-bricks
0xb33595329e96a5f5144d2ec0100bf0b3ddcb9ab3,kodachrome-v2
0xb3366fd40c98dd71df4ae3a0306a526f25b8fa89,mekas-of-krupt-genesis
0xb363af6181a4335608880510772a5f61a5183c88,tinyfaces
0xb452ff31b35dee74f2fdfd5194b91af1bad07b91,xborg
0xb4c80c8df14ce0a1e7c500fdd4e2bda1644f89b6,crypto-pimps
0xb4d06d46a8285f4ec79fd294f78a881799d8ced9,3landers
0xb52cfbcd790aad33d11022a5da7de3158dee6d1b,the-aristocrats-society
0xb5946ca47fdac59dff7c71ed16014e41f687cf79,turtle-united-genesis
0xb5c747561a185a146f83cfff25bdfd2455b31ff4,renderpunks
0xb5f3dee204ca76e913bb3129ba0312b9f0f31d82,omnimorphs
0xb653b39283084969717f53444d629c8a2d166cb1,weedbits
0xb70b759ad676b227a01f7d406e2dc9c67103aaeb,shibaku
0xb732ba22292259085ac15f0ba0183638e3615104,zombie-apes
0xb74b2a191fed79c0b39bc2e7e6411387512e2bb7,cryptoqueenz
0xb845da8301c59f742f82bb8a5e00f5160823bd79,buethewarrior
0xb894e12536486141158bc26684bdef85ea90379a,bullseum
0xb95e7a78764fefe89d9795c7641f6136278b7c28,time-variants
0xb96dddd2dd881a38f84dc54272b5d73b732bf5f9,daosaur
0xba288cc1aa5f7de8a6b3db963dee332e3532cf12,renderpunks
0xba71ab50e15abcb258c322cd57640f77a01f8710,hogeman-club
0xbb060bf6dd0aae2029ff86eff7162e7c89bc4148,swanky-space-squad
0xbba205283253e7adb8be4a0b03600c9ab4924974,kreepy-club
0xbbe23e96c48030dc5d4906e73c4876c254100d33,rebel-bots
0xbc1c5e6d1f9c0cf1eb25a1fb53acd1f6485bf6da,bored-bigfoot-billionaires
0xbc5824d67e105630063df48ebff5d768f76216b3,renderpunks
0xbcdca41219ccbd72381b2748a8b9b96769a9084f,honey-brasco-s-space-pirates
0xbce3781ae7ca1a5e050bd9c4c77369867ebc307e,goblintown
0xbd4455da5929d5639ee098abfaa3241e9ae111af,nft-worlds
0xbda2481db91fc0f942ed3f53de378ba45ba9d17e,wolf-game-farmer
0xbde85214550fcb48c77537508e712fa1a38d9d64,frenchie-ballers
0xbe0d6bc297d85a41a75173932e9db9c19ddda523,guppy-gang
0xbe6d1fbfd71b1a5a2f546df5dc0fa3b080626be8,cosmic-marshmallows
0xbe85fbd182af91290be7293438ae67549638189f,light-cult-crypto-club
0xbf50d1ce435322d801fd2e47e88d94de1488aa61,the-pit
0xbfbeea80c946355f96cb6694d86783573aa8f327,24px
0xbfce321046aaf5879c74cc4555db8fd9629fde92,witlink-land
0xc08f296dc35b1311a6a120281177d1de1890ba43,renderpunks
0xc0983df152a9ed7a99be899075ca9bafe5d4b15e,renderpunks
0xc09d1aa618ae8a4b54c5ac60efb394d38bf79d03,birdez-kingdom
0xc0e1729ce42394570573a0079ea0ba9ad5e29bf4,renderpunks
0xc0e415668323c8d375a9fa73ef57a62d06fc25e5,starfighter-club
0xc27b1fdd40dc05d6aa93881efd675cfda4d0870c,meeples-gang
0xc27d9be628be93d69004a87880692f96e8d2e1c1,chillin-chameleons
0xc2b3daf1b51238bd13afcef6e713813e6c2574e8,northern-guilds-guild-of-thor
0xc2cd026220c7613cabd0e59143e6cec47da89d16,spray-cans
0xc2d3c12bc5bfa6a633aa74e8ea23756aac14900d,meta-frog-club
0xc2f05fd9fe4cfe8f7395ddb220c84d3ef240cf3d,tools-of-rock
0xc3cd69649394bf1a18a7a0c7f90e4d0e4f1a9758,the-sevens-eve
0xc487e5286cb522bd5b3241dbbf2a4019dbb0d5f8,elfworld
0xc49a9ab342b6ea66792d4110e9ca0ab36e3a5674,chibi-apes
0xc51e14c0d1416f958024744c901b25eb7111c344,paperheadz
0xc52a74928b5c439dc115b2ce1572643d18cabe0b,one-shogun
0xc58fc4693b3170de0c1dcd2c0b0af8eecfb3186f,snuggle-buddies-genesis
0xc5980f5cbe758f507c4c977dc4aa777d57b09150,7lux
0xc5ae96ef99832e0cb8409877f47fbfed97004b79,yung-ape-squad
0xc5e55e4bd5fef12831b5a666fc9e391538acdc45,dented-feels
0xc657c2a3bd558716b3f6b843ef09c0fc628e4977,cosmic-cats
0xc6735852e181a55f736e9db62831dc63ef8c449a,rogue-society
0xc6c817cd60e17fed0af2a759624e02dd6c812e64,metabillionaire
0xc787d7e5a33caaad31a1ae3c453f955142de145d,the-adventurers-avatar
0xc7d83f0c1b0dd5893fba5bcb0c0507d82a62614b,stoned-pixel-human-v2
0xc7e76248bd47dda22db50a1743032082821f6172,foxxies
0xc8c3405698365ab87778acb3909988a2f3472844,cryptid-clan-sasquatch
0xc9c9b06d4b3c1bbfc0758a406b8aac49c3efef74,renderpunks
0xc9d198089d6c31d0ca5cc5b92c97a57a97bbfde2,space-riders
0xc9e2c9718ff7d3129b9ac12168195507e4275cea,0xvampire
0xca7ca7bcc765f77339be2d648ba53ce9c8a262bd,tubby-cats
0xcaca4e4c9f62760738d04bec350f7d83aea38e5d,headgame
0xcbc67ea382f8a006d46eeeb7255876beb7d7f14d,wvrps-by-warpsound
0xcbe642d1b28caeff5f8377560db29e43ba7ac200,renderpunks
0xcc42f00298936d58c4dea5ba1c63cb8b9f486cba,renderpunks
0xcd220a52ef3ebba585a0f562ad881da735f65a98,little-ninjas-dojo
0xce50f3ca1f1dbd6fa042666bc0e369565dda457d,the-heart-project
0xce73f7e424ba2d4deca79006d8790bbe3a619c86,renderpunks
0xce82d65314502ce39472a2442d4a2cbc4cb9f293,animal-society
0xcec4d283aa944fbce8abf6aba8d0f7af37f570f4,fuzzie-mints
0xcf3a65864dfb6d4aeaaa93dde66ad3deb227c3e3,exo
0xcfff4c8c0df0e2431977eba7df3d3de857f4b76e,rivermen
0xd00e79629e2053d837285c74a0ec09f51b33c141,expandables
0xd06cf9e1189feab09c844c597abc3767bc12608c,cats-and-watches-society
0xd0ba6a92561b04c1cab13d89aabd5b673215e43d,soulz-monogatari
0xd0bfda969b24fc7163bb849c6a5515d1a31f59e3,wagmi-world
0xd14cb56763ef92a17d1d26303acb35683ac467d8,cryptopia-metaverse-early-access
0xd16e7b3b91f96d027ab46a951fa7f81708f9e7bc,mri-fight-club
0xd227df494367a8b769b4bf2bbebd0388a8758741,degen-farm-creatures
0xd2930cc6fd25a6375b6a2944ca4af60e6285cb68,walking-doods-genesis
0xd2aad45015090f8d45ad78e456b58dd61fb7cd79,bushidos
0xd33bc0af2dc4e39cbaef4beff8d1fb3c00c2e7a3,renderpunks
0xd3605059c3ce9facf625fa72d727508b7b7f280f,pablos-lol
0xd387ed56956ff8efb7c1590175840c2056693e4a,tubzsocialclub-v2
0xd44078705456c4f4517a659953f5296e5328f8b8,apes-r-us
0xd497a414bb00803e846b53d07fcb742831b24906,tigerbob-genesis
0xd4ac7e751c2b9a5a0f45b9c1eead829cf691711a,carnage-origins
0xd4f73d00f4d82447dd275d8e786da16b6ff80453,renderpunks
0xd508731686f2c933b849762f9a92539c666584dc,renderpunks
0xd532b88607b1877fe20c181cba2550e3bbd6b31c,zipcy-s-supernormal
0xd539a3a5edb713e6587e559a9d007ffff92bd9ab,pixelbeasts
0xd55e9a096400036d5965cd4bc6fb580555957647,epoheroes
0xd5dd0814f62a21ab649fb9cb86dfe0a085d0e28a,loopy-cups
0xd5e4d58659eeba7e892cd539615c29b362e7738a,okami
0xd601c171851c460082ace709f665a9566586f14b,hewer-clan
0xd668a2e001f3385b8bbc5a8682ac3c0d83c19122,kingfrogs
0xd692ced124a474f051f9744a301c26d1017b3d54,shiba-social-club
0xd7035f800c7ff29b7ec2d778b8f33e956d50335a,renderpunks
0xd70f41dd5875eee7fa9dd8048567bc932124a8d2,renderpunks
0xd73acd7f5099fdd910215dbff029185f21ffbcf0,acrocalypse
0xd754937672300ae6708a51229112de4017810934,deafbeef
0xd7ac080800566d42ab9789a99b7ed0dd5ecbe594,the-psychonaut-ape-division
0xd7b287f8ef807fce5949ec64c316985b97171cd7,zencats-ground-zero
0xd8682bfa6918b0174f287b888e765b9a1b4dc9c3,the-moon-boyz
0xd8971bd47b0320b46a89bc45394056a2a3af02a1,robocosmic
0xd8a5d498ab43ed060cb6629b97a19e3e4276dd9f,gene-sis-the-girls-of-armament
0xd8cdb4b17a741dc7c6a57a650974cd2eba544ff7,dogs-of-elon
0xd8cdd738626b4624401e1cbfef63d4ae8beffaab,renderpunks
0xd907f9a8bd27d5aa9fba78e64d46801ebefc3469,dirty-devils
0xd9187c2bbcf6f29fcf0a0659d1d726315772a595,ape-society
0xd9f092bdf2b6eaf303fc09cc952e94253ae32fae,baby-doge-army
0xd9f23b79810b4fa2785d3399ba0a4cbb0e42be51,gnomenclature
0xda74aeb14546b4272036121aed3a97515c84f317,private-jet-pyjama-party-first-ladies
0xdae5bded4d7980599817cb532aea53b2c0f1517e,the-rug-shop
0xdaf531fd52eaa4b33a5158b0da3305caaaf96cd6,ok-lets-ape
0xdb3b2e1f699caf230ee75bfbe7d97d70f81bc945,dormant-dragons
0xdb8917344a367c5387b7744d7b5eed483b3d7cd6,blockpunks
0xdb988440c5361a90eef646d7320fcf5d1e5c3954,cool-gang-tommy
0xdbcab7a768ea9a00b2ffa5a2eb387cad609e2114,alpha-kongs-club
0xdc0a65f23db2d3b2d406600cd7e390e74634cb81,cryptogangs
0xdc8bed466ee117ebff8ee84896d6acd42170d4bb,non-fungible-soup
0xdc8c9988212ba573ce74bcc2444042f2f8f39101,dope-dawn-of-the-pixel-empire
0xdccc916bf4a0186065f4d1e5b94176f4d17b8c42,cyberfrogz
0xdd099cd0db6f997b847f16ab486c30f62ed117c4,shiba-society
0xdd67892e722be69909d7c285db572852d5f8897c,scholarz
0xddd616648446da56821df1e1606161ab44b09507,trons-x
0xddf66baca4fa806ed792065e01b7a8166b6018ff,mr-everybody
0xdeb758b594926de138cd223b325eeae6c493b6e4,wolfboss
0xdf3f33f2398f85032f244a9496c5c30d37b65a96,renderpunks
0xdfb258c93af3f005dca930b3f10afaf2917946df,renderpunks
0xe0962d2e64c5922ea7e8b4967077c4cb7ea7cbc3,chicken-dao-game
0xe0af4d9e446dd7094035a947a0f0664bfecc19f4,metabay-by-metaplaces
0xe12edaab53023c75473a5a011bdb729ee73545e8,chibi-dinos
0xe172298c364333256e90863869461cdacbb1818a,the-space-resistance
0xe1b05227824e45f5713ea8bf6e4ad59b3d4a98ef,pixeltigers
0xe21ebcd28d37a67757b9bc7b290f4c4928a430b1,the-saudis
0xe22e1e620dffb03065cd77db0162249c0c91bf01,bearxlabs
0xe2609354791bf57e54b3f7f9a26b2dacbed61da1,hpprs
0xe2889645716c27194b75484eb7150f9c9ddd824c,meta-triads
0xe2db63cc9fce5e45430af47a4c53c0630a0a71f0,renderpunks
0xe37c507dec9adeb437a9949f44e92a6724159ae7,renderpunks
0xe39a238d74bdd95a895026fc25ec97fb8a4b1959,renderpunks
0xe39fb076bd6be0bbf400db0dfad28104fdc5ff46,alpacadabraz-3d
0xe4350c5198fdc033783c0e0f8f609f89583c117f,alpha-traders-country-club
0xe43eba6b038e6156438a1797b3b6c172cc6e4254,gameofblocks
0xe4a3cbfa0b27db2def20bfba80905515b0855e54,wannapanda
0xe55c8732de80cb474c756440082270e3b2ac7af7,renderpunks
0xe573b99ffd4df2a82ea0986870c33af4cb8a5589,renderpunks
0xe5af1c8813a80d34a960e019b7eab7e0b4b1ead5,crypto-tribe
0xe5e771bc685c5a89710131919c616c361ff001c6,wzrds
0xe64a3314d1dc2fee6f446b70aae08cca1cb8e5e8,dippies-vans
0xe6528236e5228d88499e4260a4fb0b260e26fb74,ruggies
0xe6a5c13cd282ca0b477e2e8c4bf9f5a436fb0175,genesis-fat-academy
0xe6d48bf4ee912235398b96e16db6f310c21e82cb,god-hates-nftees
0xe72e2222100be1b61a8203fe1beec1f7f3fb4094,meta-island
0xe72f95902854d33b7b75ccc864ff7c76b5f70613,the-mekabots
0xe75113d4a417c2d33c67fb127b419e5f47c5d62c,pirates-of-the-metaverse
0xe8e331649506124dedd6d4da4f249336bdb66dfc,zombyworld
0xe8ef418ed75d744e2868c0d2f898c6a41bb17d6e,bluworld
0xea3e8708e33b2072e7788aaa9159547749714e3a,fcf-ballerz-collective-knights
0xea5cee63af2ffc865e82a6b6563870b3d4c4f04b,astra-chipmunks-army
0xea69fd81ae8c15fb4ab22b730e1ebfe439f6f0b6,magical-waves
0xea745b608b2b61987785e87279db586f328eb8fc,sneaky-vampiress-syndicate
0xeabfaf3e6844f02ea9f886192979e914363c3b3b,zombie-nft
0xeaf546758e6e1ebcaf0b1d7e0bac5b7262c73f00,spirit-orb-pets-v0
0xeb4a28587503d84dc29de8e4fc8bf0a57a7ddb0d,duckling
0xeb7bc5fbb3e4fddca2cf6c6e0af3ab20bdb1bba2,thenovatar
0xebbd75122a9e292b5205d9a374b5ea2c1933f903,look-labs-420-buds
0xec3a445010a3d8a201d4460c5570de49dda590df,trillionaire-thugs
0xecdd2f733bd20e56865750ebce33f17da0bee461,cryptodads
0xed181171fe326f930bde9e065a41de52ae628759,renderpunks
0xed595cfd58d32bb9d200aab5b9afd9dbdebdf9f4,hashguise
0xed5af388653567af2f388e6224dc7c4b3241c544,azuki
0xedf6d3c3664606fe9ee3a9796d5cc75e3b16e682,fat-cats-genesis
0xee37e56f3a47d7c752c92407064f96077338fd5d,happy-astronauts
0xeecdcb5a1686e93ca397d42aa6c8aa19303e234a,wazzzup-wtf
0xeed560b1b0172baa6e137c27aa0a643326f360d1,the-winkybots
0xef1a89cbfabe59397ffda11fc5df293e9bc5db90,based-ghouls
0xef9c21e3ba31a74910fc7e7cb3fc814ad842ad6e,warriors-of-aradena
0xef9e3414339a236cbfc8bf84c7fac24c2513b317,eyes-of-fashion
0xf023ea03291313ad31c22db0f682228040af4d86,si-juki-lost-in-jukiverse
0xf026fb5be56ff63e19e9da3236035e80e5780663,shadow-quest
0xf0f095f3042743913aa3896103876c29917ab616,fart-jar
0xf16010ed07129feeedab72595c62a146b436ccca,h8rs
0xf1d88a386354ae740370a45bdfc0a61f6d9871b0,bored-bones-genesis
0xf1fe05b336827e0fc2ee63e44f8e58e55f69fb8d,bentobox
0xf2665d9fb3a0ad17a7454da077bec9cc159f644a,chibi-lolita
0xf2bca53f401c0f53ca78e9270efd1f7b5330b522,generative-alchemy-lab
0xf2ea58cb699754f818432a97b439eb092eccfbc6,boredhuman-nft
0xf3e6dbbe461c6fa492cea7cb1f5c5ea660eb1b47,fame-lady-squad
0xf43aaa80a8f9de69bc71aea989afceb8db7b690f,soccer-doge-club
0xf4680c917a873e2dd6ead72f9f433e74eb9c623c,renderpunks
0xf4eac65bbc94e3be2e3674992c31781032a6d793,the-uncanny-country-club
0xf516e0ec4c67c3a88da3bcec964603012acaef59,rekt-racoons
0xf5427f53bb7362d2cedcd143bcf0a6a16ecb916a,project-ino
0xf54fc50e1604012cf8bb8dd84e075d3f07f9bb16,ruumz
0xf60762fe88da57b0c523f2b8f734dce9070ee4a4,fcf-ballerz-collective-8oki
0xf61f24c2d93bf2de187546b14425bf631f28d6dc,world-of-women-galaxy
0xf62519cc5c275f790713898e90ca54c78160d6ed,cryptodudes-brotherhood
0xf642d8a98845a25844d3911fa1da1d70587c0acc,league-of-sacred-devils
0xf655765519865cb47ff3069276370594f6bc93a3,renderpunks
0xf75140376d246d8b1e5b8a48e3f00772468b3c0c,uwucrew
0xf78229f4f3ef95fecbea50239a26339b5ad2d31c,renderpunks
0xf8e94e7d4f2e2cc9a07512ae9813841a0000cb4e,renderpunks
0xf8e9776840639b0ffea1ecb31fadf974cf48a435,the-battle-bunnies-genesis-300
0xf8ef0631aa8150aee8cfb4db3fa27e81d78df620,brokeboyz
0xf9b6685e9d0ee2541a0835426373dc009661b9a0,mighty-hercules
0xfa4020b0064aacdbb0ed8becac28c0c95bb29840,trapmonkie
0xfaabae17e2da5d7c122fbb2903783459d3f15be5,90s-babes
0xfb05d8ff859129cbe7203e67d71b2d80155e7243,renderpunks
0xfb6751d440406edc54136b3b803e8bdae3db8865,renderpunks
0xfbec5b60cb29746cb592d82814a8caea0599064e,glitchies
0xfc6f1ddf79d3589d4d3cf3107cad96fa8eb3de80,ragdollz
0xfcd3dfd6a0baee2280442ed81e36ba19f2887978,polar-pals
0xfd3c3717164831916e6d2d7cdde9904dd793ec84,chameleon-collective
0xfd40af4e5fa5b0af310d92398fba63adc092232e,pixel-primates
0xfd899b7285ae84923e643d0ceb284658eb38b037,o-town-la-cosa-ostra
0xfdd1148c433ae4e25522a2a0479f21eb43ac2f15,rappears
0xfdf325e145b428300bb1546b808fc53e498c4646,brava-nft
0xfe8c6d19365453d26af321d0e8c910428c23873f,creeps-genesis
0xff1beb21c0f0bed7ed9f816493a96ef53f4949de,renderpunks
0xffed35bc5fb514098df353840e4eda01c4c7c776,downsies
0xfffc8336c1b2ea1265699bd2f029a6a653190b69,renderpunks
